{
  "hit": {
    "totalcmd": 1021,
    "todaycmd": 284,
    "tes": 59,
    "menu": 49,
    "allmenu": 35,
    "vtechsp": 53,
    "aimenu": 3,
    "ai": 7,
    "hidetag": 4,
    "translate": 1,
    "adduang": 9,
    "promote": 7,
    "leaderboard": 71,
    "tebakbendera": 159,
    "rampok": 47,
    "buy": 10,
    "gamemenu": 4,
    "tebaknegara": 62,
    "mute": 2,
    "all": 2,
    "s": 1,
    "susunkata": 11,
    "tebakgambar": 2,
    "begal": 53,
    "add": 1,
    "cek": 29,
    "demote": 1,
    "fitnah": 5,
    "ceksifat": 4,
    "q": 2,
    "siapa": 1,
    "kick": 1,
    "claim": 3,
    "quotesmenu": 1,
    "motivasi": 3,
    "about": 9,
    "ownermenu": 1,
    "listonline": 1,
    "react": 3,
    "ping": 7,
    "rules": 1,
    "casino": 39,
    "anime": 2,
    "caklontong": 106,
    "slot": 2,
    "tebakkimia": 2,
    "bot": 6,
    "pin": 1,
    "pinterest": 13,
    "rate": 1,
    "play": 6,
    "upsw": 6,
    "tts": 12,
    "delsampah": 1,
    "ytmp3": 2,
    "ytmp4": 4,
    "fast": 1,
    "tt": 5,
    "math": 15,
    "nightcore": 1,
    "spotify": 1,
    "tebakbom": 4,
    "tebakangka": 5,
    "emojimix": 2,
    "tebaklirik": 1,
    "ulartangga": 1,
    "suit": 8,
    "cekmati": 1,
    "coba": 2,
    "downloadmenu": 2,
    "tiktok": 1,
    "leave": 2,
    "group": 1,
    "ig": 2,
    "storyig": 2,
    "vtech": 5,
    "brat": 2,
    "afk": 2,
    "addlimit": 1,
    "animemenu": 1,
    "waifu": 6,
    "samgong": 2,
    "readmore": 3,
    "toimg": 1,
    "wallpaper": 2,
    "hd": 2,
    "nulis": 1,
    "gemini": 1,
    "speed": 3,
    "randommenu": 1,
    "coffe": 1,
    "tf": 1,
    "delete": 2
  },
  "set": {
    "6287712328693@s.whatsapp.net": {
      "lang": "id",
      "limit": 2,
      "money": 204489,
      "status": 0,
      "join": true,
      "public": true,
      "anticall": false,
      "original": true,
      "readsw": false,
      "autobio": false,
      "autoread": false,
      "antispam": false,
      "autotyping": false,
      "grouponly": true,
      "multiprefix": false,
      "privateonly": true,
      "autobackup": false,
      "template": 2
    },
    "6287840615800@s.whatsapp.net": {
      "lang": "id",
      "limit": 0,
      "money": 0,
      "status": 0,
      "join": true,
      "public": true,
      "anticall": false,
      "original": true,
      "readsw": false,
      "autobio": false,
      "autoread": false,
      "antispam": false,
      "autotyping": false,
      "grouponly": true,
      "multiprefix": false,
      "privateonly": true,
      "autobackup": false,
      "template": 2
    }
  },
  "list": {},
  "store": {},
  "users": {
    "6287840615800@s.whatsapp.net": {
      "vip": false,
      "ban": false,
      "afkTime": -1,
      "afkReason": "",
      "register": false,
      "limit": 784,
      "money": 11636312,
      "lastclaim": 1749556683868,
      "lastbegal": 1749564343212,
      "lastrampok": 1749556683868,
      "pasangan": {
        "id": "6287840615800@s.whatsapp.net",
        "nama": "Sheila",
        "foto": "https://cdn.myanimelist.net/images/characters/10/583635.jpg",
        "status": "Pacaran",
        "rumah": "",
        "jadian": "25 Juli 2025",
        "money": 155036
      }
    },
    "628886171362@s.whatsapp.net": {
      "vip": false,
      "ban": false,
      "afkTime": -1,
      "afkReason": "",
      "register": false,
      "limit": 20,
      "money": 5000,
      "lastclaim": 1749556909910,
      "lastbegal": 1749556909910,
      "lastrampok": 1749556909910
    },
    "6281946433345@s.whatsapp.net": {
      "vip": false,
      "ban": false,
      "afkTime": -1,
      "afkReason": "",
      "register": false,
      "limit": 20,
      "money": 10000,
      "lastclaim": 1749556936317,
      "lastbegal": 1749556936317,
      "lastrampok": 1749556936317
    },
    "6287834293955@s.whatsapp.net": {
      "vip": false,
      "ban": false,
      "afkTime": -1,
      "afkReason": "",
      "register": false,
      "limit": 20,
      "money": 186000,
      "lastclaim": 1749557098522,
      "lastbegal": 1749604137411,
      "lastrampok": 1749557098522
    },
    "60176411291@s.whatsapp.net": {
      "vip": false,
      "ban": false,
      "afkTime": -1,
      "afkReason": "",
      "register": false,
      "limit": 20,
      "money": 10000,
      "lastclaim": 1749557156303,
      "lastbegal": 1749557156303,
      "lastrampok": 1749557156303
    },
    "6289622447510@s.whatsapp.net": {
      "vip": false,
      "ban": false,
      "afkTime": -1,
      "afkReason": "",
      "register": false,
      "limit": 20,
      "money": 10000,
      "lastclaim": 1749557234819,
      "lastbegal": 1749557234819,
      "lastrampok": 1749557234819
    },
    "60176447918@s.whatsapp.net": {
      "vip": false,
      "ban": false,
      "afkTime": -1,
      "afkReason": "",
      "register": false,
      "limit": 20,
      "money": 10000,
      "lastclaim": 1749557257719,
      "lastbegal": 1749557257719,
      "lastrampok": 1749557257719
    },
    "6281901170295@s.whatsapp.net": {
      "vip": false,
      "ban": false,
      "afkTime": -1,
      "afkReason": "",
      "register": false,
      "limit": 8,
      "money": 950801,
      "lastclaim": 1749646289566,
      "lastbegal": 1749647657349,
      "lastrampok": 1749876725653
    },
    "6288228733926@s.whatsapp.net": {
      "vip": false,
      "ban": false,
      "afkTime": -1,
      "afkReason": "",
      "register": false,
      "limit": 19,
      "money": 429503,
      "lastclaim": 1749557716926,
      "lastbegal": 1749712651125,
      "lastrampok": 1749647390177
    },
    "6283848756324@s.whatsapp.net": {
      "vip": false,
      "ban": false,
      "afkTime": -1,
      "afkReason": "",
      "register": false,
      "limit": 20,
      "money": 10000,
      "lastclaim": 1749557949398,
      "lastbegal": 1749557949398,
      "lastrampok": 1749557949398
    },
    "6281388372075@s.whatsapp.net": {
      "vip": false,
      "ban": false,
      "afkTime": -1,
      "afkReason": "",
      "register": false,
      "limit": 20,
      "money": 10000,
      "lastclaim": 1749558064421,
      "lastbegal": 1749558064421,
      "lastrampok": 1749558064421
    },
    "6281255784434@s.whatsapp.net": {
      "vip": false,
      "ban": false,
      "afkTime": -1,
      "afkReason": "",
      "register": false,
      "limit": 20,
      "money": 10000,
      "lastclaim": 1749558795828,
      "lastbegal": 1749558795828,
      "lastrampok": 1749558795828
    },
    "6282393106882@s.whatsapp.net": {
      "vip": false,
      "ban": false,
      "afkTime": -1,
      "afkReason": "",
      "register": false,
      "limit": 20,
      "money": 10000,
      "lastclaim": 1749558827224,
      "lastbegal": 1749558827224,
      "lastrampok": 1749558827224
    },
    "6287839349412@s.whatsapp.net": {
      "vip": false,
      "ban": false,
      "afkTime": -1,
      "afkReason": "",
      "register": false,
      "limit": 19,
      "money": 13077,
      "lastclaim": 1749558831712,
      "lastbegal": 1749715238708,
      "lastrampok": 1749558831712
    },
    "62882005304755@s.whatsapp.net": {
      "vip": false,
      "ban": false,
      "afkTime": -1,
      "afkReason": "",
      "register": false,
      "limit": 19,
      "money": 27364,
      "lastclaim": 1749558918232,
      "lastbegal": 1749634971314,
      "lastrampok": 1749712050821
    },
    "6281244639119@s.whatsapp.net": {
      "vip": false,
      "ban": false,
      "afkTime": -1,
      "afkReason": "",
      "register": false,
      "limit": 20,
      "money": 10000,
      "lastclaim": 1749559256816,
      "lastbegal": 1749559256816,
      "lastrampok": 1749559256816
    },
    "6287755701057@s.whatsapp.net": {
      "vip": false,
      "ban": false,
      "afkTime": -1,
      "afkReason": "",
      "register": false,
      "limit": 20,
      "money": 10000,
      "lastclaim": 1749559331623,
      "lastbegal": 1749559331623,
      "lastrampok": 1749559331623
    },
    "6287885143945@s.whatsapp.net": {
      "vip": false,
      "ban": false,
      "afkTime": -1,
      "afkReason": "",
      "register": false,
      "limit": 20,
      "money": 10000,
      "lastclaim": 1749559596027,
      "lastbegal": 1749559596027,
      "lastrampok": 1749559596027
    },
    "6285936563191@s.whatsapp.net": {
      "vip": false,
      "ban": false,
      "afkTime": -1,
      "afkReason": "",
      "register": false,
      "limit": 20,
      "money": 10000,
      "lastclaim": 1749559602312,
      "lastbegal": 1749559602312,
      "lastrampok": 1749559602312
    },
    "6287847549701@s.whatsapp.net": {
      "vip": false,
      "ban": false,
      "afkTime": -1,
      "afkReason": "",
      "register": false,
      "limit": 20,
      "money": 10000,
      "lastclaim": 1749559715809,
      "lastbegal": 1749559715809,
      "lastrampok": 1749559715809
    },
    "6287766679998@s.whatsapp.net": {
      "vip": false,
      "ban": false,
      "afkTime": -1,
      "afkReason": "",
      "register": false,
      "limit": 20,
      "money": 10000,
      "lastclaim": 1749559767738,
      "lastbegal": 1749559767738,
      "lastrampok": 1749559767738
    },
    "120363387981232126@newsletter": {
      "vip": false,
      "ban": false,
      "afkTime": -1,
      "afkReason": "",
      "register": false,
      "limit": 20,
      "money": 10000,
      "lastclaim": 1749562627552,
      "lastbegal": 1749562627552,
      "lastrampok": 1749562627552
    },
    "6283160043419@s.whatsapp.net": {
      "vip": false,
      "ban": false,
      "afkTime": -1,
      "afkReason": "",
      "register": false,
      "limit": 20,
      "money": 10000,
      "lastclaim": 1749562942203,
      "lastbegal": 1749562942203,
      "lastrampok": 1749562942203
    },
    "6281340173039@s.whatsapp.net": {
      "vip": false,
      "ban": false,
      "afkTime": -1,
      "afkReason": "",
      "register": false,
      "limit": 20,
      "money": 10000,
      "lastclaim": 1749564391007,
      "lastbegal": 1749564391007,
      "lastrampok": 1749564391007
    },
    "6282236401201@s.whatsapp.net": {
      "vip": false,
      "ban": false,
      "afkTime": -1,
      "afkReason": "",
      "register": false,
      "limit": 20,
      "money": 10000,
      "lastclaim": 1749564884826,
      "lastbegal": 1749564884826,
      "lastrampok": 1749564884826
    },
    "6287816243780@s.whatsapp.net": {
      "vip": false,
      "ban": false,
      "afkTime": -1,
      "afkReason": "",
      "register": false,
      "limit": 20,
      "money": 10000,
      "lastclaim": 1749565072920,
      "lastbegal": 1749565072920,
      "lastrampok": 1749565072920
    },
    "6282246376736@s.whatsapp.net": {
      "vip": false,
      "ban": false,
      "afkTime": -1,
      "afkReason": "",
      "register": false,
      "limit": 20,
      "money": 10000,
      "lastclaim": 1749565215906,
      "lastbegal": 1749565215906,
      "lastrampok": 1749565215906
    },
    "6287842781550@s.whatsapp.net": {
      "vip": false,
      "ban": false,
      "afkTime": -1,
      "afkReason": "",
      "register": false,
      "limit": 20,
      "money": 10000,
      "lastclaim": 1749567507024,
      "lastbegal": 1749567507024,
      "lastrampok": 1749567507024
    },
    "6282187884694@s.whatsapp.net": {
      "vip": false,
      "ban": false,
      "afkTime": -1,
      "afkReason": "",
      "register": false,
      "limit": 20,
      "money": 10000,
      "lastclaim": 1749568165225,
      "lastbegal": 1749568165225,
      "lastrampok": 1749568165225
    },
    "6281525838562@s.whatsapp.net": {
      "vip": false,
      "ban": false,
      "afkTime": -1,
      "afkReason": "",
      "register": false,
      "limit": 20,
      "money": 10000,
      "lastclaim": 1749571998415,
      "lastbegal": 1749571998415,
      "lastrampok": 1749571998415
    },
    "6283845586933@s.whatsapp.net": {
      "vip": false,
      "ban": false,
      "afkTime": -1,
      "afkReason": "",
      "register": false,
      "limit": 20,
      "money": 10000,
      "lastclaim": 1749575305138,
      "lastbegal": 1749575305138,
      "lastrampok": 1749575305138
    },
    "6285220643436@s.whatsapp.net": {
      "vip": false,
      "ban": false,
      "afkTime": -1,
      "afkReason": "",
      "register": false,
      "limit": 20,
      "money": 10000,
      "lastclaim": 1749576382817,
      "lastbegal": 1749576382817,
      "lastrampok": 1749576382817
    },
    "6285348684493@s.whatsapp.net": {
      "vip": false,
      "ban": false,
      "afkTime": -1,
      "afkReason": "",
      "register": false,
      "limit": 20,
      "money": 10000,
      "lastclaim": 1749576981030,
      "lastbegal": 1749576981030,
      "lastrampok": 1749576981030
    },
    "120363335989645846@newsletter": {
      "vip": false,
      "ban": false,
      "afkTime": -1,
      "afkReason": "",
      "register": false,
      "limit": 20,
      "money": 10000,
      "lastclaim": 1749577150241,
      "lastbegal": 1749577150241,
      "lastrampok": 1749577150241
    },
    "6285979542929@s.whatsapp.net": {
      "vip": false,
      "ban": false,
      "afkTime": -1,
      "afkReason": "",
      "register": false,
      "limit": 20,
      "money": 10000,
      "lastclaim": 1749579551514,
      "lastbegal": 1749579551514,
      "lastrampok": 1749579551514
    },
    "6285945359294@s.whatsapp.net": {
      "vip": false,
      "ban": false,
      "afkTime": -1,
      "afkReason": "",
      "register": false,
      "limit": 20,
      "money": 10000,
      "lastclaim": 1749580751425,
      "lastbegal": 1749580751425,
      "lastrampok": 1749580751425
    },
    "6285790302118@s.whatsapp.net": {
      "vip": false,
      "ban": false,
      "afkTime": -1,
      "afkReason": "",
      "register": false,
      "limit": 20,
      "money": 10000,
      "lastclaim": 1749586241011,
      "lastbegal": 1749586241011,
      "lastrampok": 1749586241011
    },
    "6287861704815@s.whatsapp.net": {
      "vip": false,
      "ban": false,
      "afkTime": -1,
      "afkReason": "",
      "register": false,
      "limit": 20,
      "money": 10000,
      "lastclaim": 1749592438135,
      "lastbegal": 1749592438135,
      "lastrampok": 1749592438135
    },
    "6281526162125@s.whatsapp.net": {
      "vip": false,
      "ban": false,
      "afkTime": -1,
      "afkReason": "",
      "register": false,
      "limit": 20,
      "money": 10000,
      "lastclaim": 1749596990112,
      "lastbegal": 1749596990112,
      "lastrampok": 1749596990112
    },
    "6282190652343@s.whatsapp.net": {
      "vip": false,
      "ban": false,
      "afkTime": -1,
      "afkReason": "",
      "register": false,
      "limit": 20,
      "money": 10000,
      "lastclaim": 1749604122937,
      "lastbegal": 1749604122937,
      "lastrampok": 1749604122937
    },
    "6282188173713@s.whatsapp.net": {
      "vip": false,
      "ban": false,
      "afkTime": -1,
      "afkReason": "",
      "register": false,
      "limit": 20,
      "money": 10000,
      "lastclaim": 1749604137223,
      "lastbegal": 1749604137223,
      "lastrampok": 1749604137223
    },
    "6287840778941@s.whatsapp.net": {
      "vip": false,
      "ban": false,
      "afkTime": -1,
      "afkReason": "",
      "register": false,
      "limit": 20,
      "money": 10000,
      "lastclaim": 1749604855613,
      "lastbegal": 1749604855613,
      "lastrampok": 1749604855613
    },
    "628152344025@s.whatsapp.net": {
      "vip": false,
      "ban": false,
      "afkTime": -1,
      "afkReason": "",
      "register": false,
      "limit": 20,
      "money": 10000,
      "lastclaim": 1749621095812,
      "lastbegal": 1749621095812,
      "lastrampok": 1749621095812
    },
    "628152066075@s.whatsapp.net": {
      "vip": false,
      "ban": false,
      "afkTime": -1,
      "afkReason": "",
      "register": false,
      "limit": 20,
      "money": 10000,
      "lastclaim": 1749621595729,
      "lastbegal": 1749621595729,
      "lastrampok": 1749621595729
    },
    "6282292919316@s.whatsapp.net": {
      "vip": false,
      "ban": false,
      "afkTime": -1,
      "afkReason": "",
      "register": false,
      "limit": 20,
      "money": 10000,
      "lastclaim": 1749624714187,
      "lastbegal": 1749624714187,
      "lastrampok": 1749624714187
    },
    "6287864886014@s.whatsapp.net": {
      "vip": false,
      "ban": false,
      "afkTime": -1,
      "afkReason": "",
      "register": false,
      "limit": 20,
      "money": 10000,
      "lastclaim": 1749629296640,
      "lastbegal": 1749629296640,
      "lastrampok": 1749629296640
    },
    "6287746367546@s.whatsapp.net": {
      "vip": false,
      "ban": false,
      "afkTime": -1,
      "afkReason": "",
      "register": false,
      "limit": 20,
      "money": 10000,
      "lastclaim": 1749629669333,
      "lastbegal": 1749629669333,
      "lastrampok": 1749629669333
    },
    "6287781845159@s.whatsapp.net": {
      "vip": false,
      "ban": false,
      "afkTime": -1,
      "afkReason": "",
      "register": false,
      "limit": 20,
      "money": 10000,
      "lastclaim": 1749630201779,
      "lastbegal": 1749630201779,
      "lastrampok": 1749630201779
    },
    "6287803853206@s.whatsapp.net": {
      "vip": false,
      "ban": false,
      "afkTime": -1,
      "afkReason": "",
      "register": false,
      "limit": 20,
      "money": 10000,
      "lastclaim": 1749631652231,
      "lastbegal": 1749631652232,
      "lastrampok": 1749631652232
    },
    "6287852571944@s.whatsapp.net": {
      "vip": false,
      "ban": false,
      "afkTime": -1,
      "afkReason": "",
      "register": false,
      "limit": 20,
      "money": 10000,
      "lastclaim": 1749632963018,
      "lastbegal": 1749632963018,
      "lastrampok": 1749632963018
    },
    "6282151628775@s.whatsapp.net": {
      "vip": false,
      "ban": false,
      "afkTime": -1,
      "afkReason": "",
      "register": false,
      "limit": 20,
      "money": 10000,
      "lastclaim": 1749633292659,
      "lastbegal": 1749633292659,
      "lastrampok": 1749633292659
    },
    "6283843074526@s.whatsapp.net": {
      "vip": false,
      "ban": false,
      "afkTime": -1,
      "afkReason": "",
      "register": false,
      "limit": 20,
      "money": 10000,
      "lastclaim": 1749636016615,
      "lastbegal": 1749636016615,
      "lastrampok": 1749636016615
    },
    "6281260884722@s.whatsapp.net": {
      "vip": false,
      "ban": false,
      "afkTime": -1,
      "afkReason": "",
      "register": false,
      "limit": 20,
      "money": 10000,
      "lastclaim": 1749637420273,
      "lastbegal": 1749637420273,
      "lastrampok": 1749637420273
    },
    "6281916279179@s.whatsapp.net": {
      "vip": false,
      "ban": false,
      "afkTime": -1,
      "afkReason": "",
      "register": false,
      "limit": 20,
      "money": 10000,
      "lastclaim": 1749638636920,
      "lastbegal": 1749638636920,
      "lastrampok": 1749638636920
    },
    "6287762884497@s.whatsapp.net": {
      "vip": false,
      "ban": false,
      "afkTime": -1,
      "afkReason": "",
      "register": false,
      "limit": 20,
      "money": 10000,
      "lastclaim": 1749640098733,
      "lastbegal": 1749640098733,
      "lastrampok": 1749640098733
    },
    "6287840690005@s.whatsapp.net": {
      "vip": false,
      "ban": false,
      "afkTime": -1,
      "afkReason": "",
      "register": false,
      "limit": 20,
      "money": 10000,
      "lastclaim": 1749640687224,
      "lastbegal": 1749640687224,
      "lastrampok": 1749640687224
    },
    "6287864977799@s.whatsapp.net": {
      "vip": false,
      "ban": false,
      "afkTime": -1,
      "afkReason": "",
      "register": false,
      "limit": 20,
      "money": 10000,
      "lastclaim": 1749642365513,
      "lastbegal": 1749642365513,
      "lastrampok": 1749642365513
    },
    "6282189143231@s.whatsapp.net": {
      "vip": false,
      "ban": false,
      "afkTime": -1,
      "afkReason": "",
      "register": false,
      "limit": 20,
      "money": 10000,
      "lastclaim": 1749642651113,
      "lastbegal": 1749642651113,
      "lastrampok": 1749642651113
    },
    "6287824522017@s.whatsapp.net": {
      "vip": false,
      "ban": false,
      "afkTime": -1,
      "afkReason": "",
      "register": false,
      "limit": 20,
      "money": 10000,
      "lastclaim": 1749646197655,
      "lastbegal": 1749646197655,
      "lastrampok": 1749646197655
    },
    "62882003581126@s.whatsapp.net": {
      "vip": false,
      "ban": false,
      "afkTime": -1,
      "afkReason": "",
      "register": false,
      "limit": 20,
      "money": 10000,
      "lastclaim": 1749648332214,
      "lastbegal": 1749648332214,
      "lastrampok": 1749648332214
    },
    "6285945510699@s.whatsapp.net": {
      "vip": false,
      "ban": false,
      "afkTime": -1,
      "afkReason": "",
      "register": false,
      "limit": 23,
      "money": 18030,
      "lastclaim": 1749648509608,
      "lastbegal": 1749648509608,
      "lastrampok": 1749648509608
    },
    "6282191153572@s.whatsapp.net": {
      "vip": false,
      "ban": false,
      "afkTime": -1,
      "afkReason": "",
      "register": false,
      "limit": 20,
      "money": 10000,
      "lastclaim": 1749652162811,
      "lastbegal": 1749652162811,
      "lastrampok": 1749652162811
    },
    "6283116514826@s.whatsapp.net": {
      "vip": false,
      "ban": false,
      "afkTime": -1,
      "afkReason": "",
      "register": false,
      "limit": 20,
      "money": 10000,
      "lastclaim": 1749662706784,
      "lastbegal": 1749662706784,
      "lastrampok": 1749662706784
    },
    "6281936394445@s.whatsapp.net": {
      "vip": false,
      "ban": false,
      "afkTime": -1,
      "afkReason": "",
      "register": false,
      "limit": 20,
      "money": 10000,
      "lastclaim": 1749666512918,
      "lastbegal": 1749666512918,
      "lastrampok": 1749666512918
    },
    "6281527069204@s.whatsapp.net": {
      "vip": false,
      "ban": false,
      "afkTime": -1,
      "afkReason": "",
      "register": false,
      "limit": 20,
      "money": 10000,
      "lastclaim": 1749678311599,
      "lastbegal": 1749678311599,
      "lastrampok": 1749678311599
    },
    "6281228869074@s.whatsapp.net": {
      "vip": false,
      "ban": false,
      "afkTime": -1,
      "afkReason": "",
      "register": false,
      "limit": 20,
      "money": 10000,
      "lastclaim": 1749684704529,
      "lastbegal": 1749684704529,
      "lastrampok": 1749684704529
    },
    "120363400204905390@g.us": {
      "vip": false,
      "ban": false,
      "afkTime": -1,
      "afkReason": "",
      "register": false,
      "limit": 20,
      "money": 10000,
      "lastclaim": 1749684795674,
      "lastbegal": 1749684795674,
      "lastrampok": 1749684795674
    },
    "120363418560454302@newsletter": {
      "vip": false,
      "ban": false,
      "afkTime": -1,
      "afkReason": "",
      "register": false,
      "limit": 20,
      "money": 10000,
      "lastclaim": 1749685844896,
      "lastbegal": 1749685844896,
      "lastrampok": 1749685844896
    },
    "6281917661916@s.whatsapp.net": {
      "vip": false,
      "ban": false,
      "afkTime": -1,
      "afkReason": "",
      "register": false,
      "limit": 20,
      "money": 10000,
      "lastclaim": 1749693811720,
      "lastbegal": 1749693811720,
      "lastrampok": 1749693811720
    },
    "6289635656144@s.whatsapp.net": {
      "vip": false,
      "ban": false,
      "afkTime": 1749698371496,
      "afkReason": "",
      "register": false,
      "limit": 19,
      "money": 10000,
      "lastclaim": 1749698343335,
      "lastbegal": 1749698343335,
      "lastrampok": 1749698343335
    },
    "6282283642684@s.whatsapp.net": {
      "vip": false,
      "ban": false,
      "afkTime": 1749702545920,
      "afkReason": "Afk",
      "register": false,
      "limit": 20,
      "money": 10000,
      "lastclaim": 1749702545839,
      "lastbegal": 1749702545839,
      "lastrampok": 1749702545839
    },
    "62895340181713@s.whatsapp.net": {
      "vip": false,
      "ban": false,
      "afkTime": -1,
      "afkReason": "",
      "register": false,
      "limit": 20,
      "money": 10000,
      "lastclaim": 1749707894243,
      "lastbegal": 1749707894243,
      "lastrampok": 1749707894243
    },
    "6288744490260@s.whatsapp.net": {
      "vip": false,
      "ban": false,
      "afkTime": -1,
      "afkReason": "",
      "register": false,
      "limit": 20,
      "money": 10000,
      "lastclaim": 1749708686423,
      "lastbegal": 1749708686423,
      "lastrampok": 1749708686423
    },
    "6283853182669@s.whatsapp.net": {
      "vip": false,
      "ban": false,
      "afkTime": -1,
      "afkReason": "",
      "register": false,
      "limit": 20,
      "money": 10000,
      "lastclaim": 1749720930539,
      "lastbegal": 1749720930539,
      "lastrampok": 1749720930539
    },
    "6285607618334@s.whatsapp.net": {
      "vip": false,
      "ban": false,
      "afkTime": -1,
      "afkReason": "",
      "register": false,
      "limit": 20,
      "money": 10000,
      "lastclaim": 1749819227175,
      "lastbegal": 1749819227175,
      "lastrampok": 1749819227175
    },
    "6283862512760@s.whatsapp.net": {
      "vip": false,
      "ban": false,
      "afkTime": -1,
      "afkReason": "",
      "register": false,
      "limit": 20,
      "money": 10000,
      "lastclaim": 1749822180853,
      "lastbegal": 1749822180853,
      "lastrampok": 1749822180853
    },
    "6281262063900@s.whatsapp.net": {
      "vip": false,
      "ban": false,
      "afkTime": -1,
      "afkReason": "",
      "register": false,
      "limit": 20,
      "money": 10000,
      "lastclaim": 1749830476028,
      "lastbegal": 1749830476028,
      "lastrampok": 1749830476028
    },
    "601168411621@s.whatsapp.net": {
      "vip": false,
      "ban": false,
      "afkTime": -1,
      "afkReason": "",
      "register": false,
      "limit": 20,
      "money": 10000,
      "lastclaim": 1749872391471,
      "lastbegal": 1749872391471,
      "lastrampok": 1749872391471
    },
    "6282333367666@s.whatsapp.net": {
      "vip": false,
      "ban": false,
      "afkTime": -1,
      "afkReason": "",
      "register": false,
      "limit": 20,
      "money": 10000,
      "lastclaim": 1749876211264,
      "lastbegal": 1749876211264,
      "lastrampok": 1749876211264
    },
    "6285796303381@s.whatsapp.net": {
      "vip": false,
      "ban": false,
      "afkTime": -1,
      "afkReason": "",
      "register": false,
      "limit": 10,
      "money": 2000,
      "lastclaim": 1753481191270,
      "lastbegal": 1753481191270,
      "lastrampok": 1753481191270
    },
    "62882021900919@s.whatsapp.net": {
      "vip": false,
      "ban": false,
      "afkTime": -1,
      "afkReason": "",
      "register": false,
      "limit": 10,
      "money": 2000,
      "lastclaim": 1753481384857,
      "lastbegal": 1753481384857,
      "lastrampok": 1753481384857
    },
    "6282223451304@s.whatsapp.net": {
      "vip": false,
      "ban": false,
      "afkTime": -1,
      "afkReason": "",
      "register": false,
      "limit": 10,
      "money": 2000,
      "lastclaim": 1753482246038,
      "lastbegal": 1753482246038,
      "lastrampok": 1753482246038
    },
    "6288804363247@s.whatsapp.net": {
      "vip": false,
      "ban": false,
      "afkTime": -1,
      "afkReason": "",
      "register": false,
      "limit": 10,
      "money": 2000,
      "lastclaim": 1753482276397,
      "lastbegal": 1753482276397,
      "lastrampok": 1753482276397
    },
    "6287858277677@s.whatsapp.net": {
      "vip": false,
      "ban": false,
      "afkTime": -1,
      "afkReason": "",
      "register": false,
      "limit": 10,
      "money": 2000,
      "lastclaim": 1753482793606,
      "lastbegal": 1753482793606,
      "lastrampok": 1753482793606
    },
    "6289518279669@s.whatsapp.net": {
      "vip": false,
      "ban": false,
      "afkTime": -1,
      "afkReason": "",
      "register": false,
      "limit": 10,
      "money": 2000,
      "lastclaim": 1753482793635,
      "lastbegal": 1753482793635,
      "lastrampok": 1753482793635
    },
    "6289635852702@s.whatsapp.net": {
      "vip": false,
      "ban": false,
      "afkTime": -1,
      "afkReason": "",
      "register": false,
      "limit": 10,
      "money": 2000,
      "lastclaim": 1753483157673,
      "lastbegal": 1753483157673,
      "lastrampok": 1753483157673
    },
    "6283159524178@s.whatsapp.net": {
      "vip": false,
      "ban": false,
      "afkTime": -1,
      "afkReason": "",
      "register": false,
      "limit": 10,
      "money": 2000,
      "lastclaim": 1753483358538,
      "lastbegal": 1753483358538,
      "lastrampok": 1753483358538
    },
    "6282154777294@s.whatsapp.net": {
      "vip": false,
      "ban": false,
      "afkTime": -1,
      "afkReason": "",
      "register": false,
      "limit": 10,
      "money": 2000,
      "lastclaim": 1753483387711,
      "lastbegal": 1753483387711,
      "lastrampok": 1753483387711
    },
    "6285827898619@s.whatsapp.net": {
      "vip": false,
      "ban": false,
      "afkTime": -1,
      "afkReason": "",
      "register": false,
      "limit": 10,
      "money": 2000,
      "lastclaim": 1753483425661,
      "lastbegal": 1753483425661,
      "lastrampok": 1753483425661
    },
    "6288989424381@s.whatsapp.net": {
      "vip": false,
      "ban": false,
      "afkTime": -1,
      "afkReason": "",
      "register": false,
      "limit": 10,
      "money": 2000,
      "lastclaim": 1753483531794,
      "lastbegal": 1753483531794,
      "lastrampok": 1753483531794
    },
    "6289675646718@s.whatsapp.net": {
      "vip": false,
      "ban": false,
      "afkTime": -1,
      "afkReason": "",
      "register": false,
      "limit": 10,
      "money": 2000,
      "lastclaim": 1753483553825,
      "lastbegal": 1753483553825,
      "lastrampok": 1753483553825
    },
    "6285256570055@s.whatsapp.net": {
      "vip": false,
      "ban": false,
      "afkTime": -1,
      "afkReason": "",
      "register": false,
      "limit": 10,
      "money": 2000,
      "lastclaim": 1753483562348,
      "lastbegal": 1753483562348,
      "lastrampok": 1753483562348
    },
    "6282180350044@s.whatsapp.net": {
      "vip": false,
      "ban": false,
      "afkTime": -1,
      "afkReason": "",
      "register": false,
      "limit": 10,
      "money": 2000,
      "lastclaim": 1753483640859,
      "lastbegal": 1753483640859,
      "lastrampok": 1753483640859
    },
    "6283151728861@s.whatsapp.net": {
      "vip": false,
      "ban": false,
      "afkTime": -1,
      "afkReason": "",
      "register": false,
      "limit": 10,
      "money": 2000,
      "lastclaim": 1753483960625,
      "lastbegal": 1753483960625,
      "lastrampok": 1753483960625
    },
    "6287889596007@s.whatsapp.net": {
      "vip": false,
      "ban": false,
      "afkTime": -1,
      "afkReason": "",
      "register": false,
      "limit": 10,
      "money": 2000,
      "lastclaim": 1753483977369,
      "lastbegal": 1753483977369,
      "lastrampok": 1753483977369
    },
    "6281282718069@s.whatsapp.net": {
      "vip": false,
      "ban": false,
      "afkTime": -1,
      "afkReason": "",
      "register": false,
      "limit": 10,
      "money": 2000,
      "lastclaim": 1753484172036,
      "lastbegal": 1753484172036,
      "lastrampok": 1753484172036
    },
    "6283176643435@s.whatsapp.net": {
      "vip": false,
      "ban": false,
      "afkTime": -1,
      "afkReason": "",
      "register": false,
      "limit": 10,
      "money": 2000,
      "lastclaim": 1753484174680,
      "lastbegal": 1753484174680,
      "lastrampok": 1753484174680
    },
    "6285757079039@s.whatsapp.net": {
      "vip": false,
      "ban": false,
      "afkTime": -1,
      "afkReason": "",
      "register": false,
      "limit": 10,
      "money": 2000,
      "lastclaim": 1753484278503,
      "lastbegal": 1753484278503,
      "lastrampok": 1753484278503
    },
    "6281939130425@s.whatsapp.net": {
      "vip": false,
      "ban": false,
      "afkTime": -1,
      "afkReason": "",
      "register": false,
      "limit": 10,
      "money": 2000,
      "lastclaim": 1753484332631,
      "lastbegal": 1753484332631,
      "lastrampok": 1753484332631
    },
    "6289531058566@s.whatsapp.net": {
      "vip": false,
      "ban": false,
      "afkTime": -1,
      "afkReason": "",
      "register": false,
      "limit": 10,
      "money": 2000,
      "lastclaim": 1753484409825,
      "lastbegal": 1753484409825,
      "lastrampok": 1753484409825
    },
    "6287729882042@s.whatsapp.net": {
      "vip": false,
      "ban": false,
      "afkTime": -1,
      "afkReason": "",
      "register": false,
      "limit": 10,
      "money": 2000,
      "lastclaim": 1753484697815,
      "lastbegal": 1753484697815,
      "lastrampok": 1753484697815
    },
    "628975500678@s.whatsapp.net": {
      "vip": false,
      "ban": false,
      "afkTime": -1,
      "afkReason": "",
      "register": false,
      "limit": 10,
      "money": 2000,
      "lastclaim": 1753484707599,
      "lastbegal": 1753484707599,
      "lastrampok": 1753484707599
    },
    "6285927724144@s.whatsapp.net": {
      "vip": false,
      "ban": false,
      "afkTime": -1,
      "afkReason": "",
      "register": false,
      "limit": 10,
      "money": 2000,
      "lastclaim": 1753484721293,
      "lastbegal": 1753484721293,
      "lastrampok": 1753484721293
    },
    "6285797539577@s.whatsapp.net": {
      "vip": false,
      "ban": false,
      "afkTime": -1,
      "afkReason": "",
      "register": false,
      "limit": 10,
      "money": 2000,
      "lastclaim": 1753484887586,
      "lastbegal": 1753484887586,
      "lastrampok": 1753484887586
    },
    "6283185086997@s.whatsapp.net": {
      "vip": false,
      "ban": false,
      "afkTime": -1,
      "afkReason": "",
      "register": false,
      "limit": 10,
      "money": 2000,
      "lastclaim": 1753485385658,
      "lastbegal": 1753485385658,
      "lastrampok": 1753485385658
    },
    "6285695409381@s.whatsapp.net": {
      "vip": false,
      "ban": false,
      "afkTime": -1,
      "afkReason": "",
      "register": false,
      "limit": 10,
      "money": 2000,
      "lastclaim": 1753485725357,
      "lastbegal": 1753485725357,
      "lastrampok": 1753485725357
    },
    "6288705000750@s.whatsapp.net": {
      "vip": false,
      "ban": false,
      "afkTime": -1,
      "afkReason": "",
      "register": false,
      "limit": 10,
      "money": 2000,
      "lastclaim": 1753486064268,
      "lastbegal": 1753486064268,
      "lastrampok": 1753486064268
    },
    "6285175464152@s.whatsapp.net": {
      "vip": false,
      "ban": false,
      "afkTime": -1,
      "afkReason": "",
      "register": false,
      "limit": 10,
      "money": 2000,
      "lastclaim": 1753486290188,
      "lastbegal": 1753486290188,
      "lastrampok": 1753486290188
    },
    "6281241389314@s.whatsapp.net": {
      "vip": false,
      "ban": false,
      "afkTime": -1,
      "afkReason": "",
      "register": false,
      "limit": 10,
      "money": 2000,
      "lastclaim": 1753486423765,
      "lastbegal": 1753486423765,
      "lastrampok": 1753486423765
    },
    "6288707297507@s.whatsapp.net": {
      "vip": false,
      "ban": false,
      "afkTime": -1,
      "afkReason": "",
      "register": false,
      "limit": 10,
      "money": 2000,
      "lastclaim": 1753486523351,
      "lastbegal": 1753486523351,
      "lastrampok": 1753486523351
    },
    "62882019326776@s.whatsapp.net": {
      "vip": false,
      "ban": false,
      "afkTime": -1,
      "afkReason": "",
      "register": false,
      "limit": 10,
      "money": 2000,
      "lastclaim": 1753486607821,
      "lastbegal": 1753486607821,
      "lastrampok": 1753486607821
    },
    "62895635005216@s.whatsapp.net": {
      "vip": false,
      "ban": false,
      "afkTime": -1,
      "afkReason": "",
      "register": false,
      "limit": 10,
      "money": 2000,
      "lastclaim": 1753486640529,
      "lastbegal": 1753486640529,
      "lastrampok": 1753486640529
    },
    "628315513442@s.whatsapp.net": {
      "vip": false,
      "ban": false,
      "afkTime": -1,
      "afkReason": "",
      "register": false,
      "limit": 10,
      "money": 2000,
      "lastclaim": 1753486887780,
      "lastbegal": 1753486887780,
      "lastrampok": 1753486887780
    },
    "6283136850037@s.whatsapp.net": {
      "vip": false,
      "ban": false,
      "afkTime": -1,
      "afkReason": "",
      "register": false,
      "limit": 10,
      "money": 2000,
      "lastclaim": 1753486935356,
      "lastbegal": 1753486935356,
      "lastrampok": 1753486935356
    },
    "628884582804@s.whatsapp.net": {
      "vip": false,
      "ban": false,
      "afkTime": -1,
      "afkReason": "",
      "register": false,
      "limit": 10,
      "money": 2000,
      "lastclaim": 1753487688390,
      "lastbegal": 1753487688390,
      "lastrampok": 1753487688390
    },
    "6285719191266@s.whatsapp.net": {
      "vip": false,
      "ban": false,
      "afkTime": -1,
      "afkReason": "",
      "register": false,
      "limit": 10,
      "money": 2000,
      "lastclaim": 1753487723241,
      "lastbegal": 1753487723241,
      "lastrampok": 1753487723241
    },
    "6283141734548@s.whatsapp.net": {
      "vip": false,
      "ban": false,
      "afkTime": -1,
      "afkReason": "",
      "register": false,
      "limit": 10,
      "money": 2000,
      "lastclaim": 1753488035644,
      "lastbegal": 1753488035644,
      "lastrampok": 1753488035644
    },
    "6282134798438@s.whatsapp.net": {
      "vip": false,
      "ban": false,
      "afkTime": -1,
      "afkReason": "",
      "register": false,
      "limit": 10,
      "money": 2000,
      "lastclaim": 1753488073523,
      "lastbegal": 1753488073523,
      "lastrampok": 1753488073523
    },
    "6288220054138@s.whatsapp.net": {
      "vip": false,
      "ban": false,
      "afkTime": -1,
      "afkReason": "",
      "register": false,
      "limit": 10,
      "money": 2000,
      "lastclaim": 1753488078023,
      "lastbegal": 1753488078023,
      "lastrampok": 1753488078023
    },
    "6283869096888@s.whatsapp.net": {
      "vip": false,
      "ban": false,
      "afkTime": -1,
      "afkReason": "",
      "register": false,
      "limit": 10,
      "money": 2000,
      "lastclaim": 1753490597283,
      "lastbegal": 1753490597283,
      "lastrampok": 1753490597283
    },
    "6285753047872@s.whatsapp.net": {
      "vip": false,
      "ban": false,
      "afkTime": -1,
      "afkReason": "",
      "register": false,
      "limit": 10,
      "money": 2000,
      "lastclaim": 1753490856476,
      "lastbegal": 1753490856476,
      "lastrampok": 1753490856476
    },
    "6282216287405@s.whatsapp.net": {
      "vip": false,
      "ban": false,
      "afkTime": -1,
      "afkReason": "",
      "register": false,
      "limit": 10,
      "money": 2000,
      "lastclaim": 1753491784678,
      "lastbegal": 1753491784678,
      "lastrampok": 1753491784678
    },
    "6282396274622@s.whatsapp.net": {
      "vip": false,
      "ban": false,
      "afkTime": -1,
      "afkReason": "",
      "register": false,
      "limit": 10,
      "money": 2000,
      "lastclaim": 1753491784727,
      "lastbegal": 1753491784727,
      "lastrampok": 1753491784727
    },
    "62882019824542@s.whatsapp.net": {
      "vip": false,
      "ban": false,
      "afkTime": -1,
      "afkReason": "",
      "register": false,
      "limit": 10,
      "money": 2000,
      "lastclaim": 1753491929972,
      "lastbegal": 1753491929972,
      "lastrampok": 1753491929972
    },
    "62895620163616@s.whatsapp.net": {
      "vip": false,
      "ban": false,
      "afkTime": -1,
      "afkReason": "",
      "register": false,
      "limit": 10,
      "money": 2000,
      "lastclaim": 1753492162519,
      "lastbegal": 1753492162519,
      "lastrampok": 1753492162519
    },
    "6285194496760@s.whatsapp.net": {
      "vip": false,
      "ban": false,
      "afkTime": -1,
      "afkReason": "",
      "register": false,
      "limit": 10,
      "money": 2000,
      "lastclaim": 1753492202549,
      "lastbegal": 1753492202549,
      "lastrampok": 1753492202549
    },
    "6282349273941@s.whatsapp.net": {
      "vip": false,
      "ban": false,
      "afkTime": -1,
      "afkReason": "",
      "register": false,
      "limit": 10,
      "money": 2000,
      "lastclaim": 1753492241995,
      "lastbegal": 1753492241995,
      "lastrampok": 1753492241995
    },
    "6283895026266@s.whatsapp.net": {
      "vip": false,
      "ban": false,
      "afkTime": -1,
      "afkReason": "",
      "register": false,
      "limit": 4,
      "money": 32278,
      "lastclaim": 1753492500658,
      "lastbegal": 1753492500658,
      "lastrampok": 1753501889237
    },
    "6288245816404@s.whatsapp.net": {
      "vip": false,
      "ban": false,
      "afkTime": -1,
      "afkReason": "",
      "register": false,
      "limit": 10,
      "money": 2000,
      "lastclaim": 1753494372440,
      "lastbegal": 1753494372440,
      "lastrampok": 1753494372440
    },
    "6283120061365@s.whatsapp.net": {
      "vip": false,
      "ban": false,
      "afkTime": -1,
      "afkReason": "",
      "register": false,
      "limit": 10,
      "money": 2000,
      "lastclaim": 1753494381914,
      "lastbegal": 1753494381914,
      "lastrampok": 1753494381914
    },
    "6285705197672@s.whatsapp.net": {
      "vip": false,
      "ban": false,
      "afkTime": -1,
      "afkReason": "",
      "register": false,
      "limit": 10,
      "money": 2000,
      "lastclaim": 1753494419279,
      "lastbegal": 1753494419279,
      "lastrampok": 1753494419279
    },
    "6285756841860@s.whatsapp.net": {
      "vip": false,
      "ban": false,
      "afkTime": -1,
      "afkReason": "",
      "register": false,
      "limit": 10,
      "money": 2000,
      "lastclaim": 1753494444531,
      "lastbegal": 1753494444531,
      "lastrampok": 1753494444531
    },
    "6285603758295@s.whatsapp.net": {
      "vip": false,
      "ban": false,
      "afkTime": -1,
      "afkReason": "",
      "register": false,
      "limit": 10,
      "money": 2000,
      "lastclaim": 1753494573593,
      "lastbegal": 1753494573593,
      "lastrampok": 1753494573593
    },
    "6285880965013@s.whatsapp.net": {
      "vip": false,
      "ban": false,
      "afkTime": -1,
      "afkReason": "",
      "register": false,
      "limit": 10,
      "money": 2000,
      "lastclaim": 1753496172696,
      "lastbegal": 1753496172696,
      "lastrampok": 1753496172696
    },
    "6285372847890@s.whatsapp.net": {
      "vip": false,
      "ban": false,
      "afkTime": -1,
      "afkReason": "",
      "register": false,
      "limit": 10,
      "money": 2000,
      "lastclaim": 1753496337037,
      "lastbegal": 1753496337037,
      "lastrampok": 1753496337037
    },
    "6282158158694@s.whatsapp.net": {
      "vip": false,
      "ban": false,
      "afkTime": -1,
      "afkReason": "",
      "register": false,
      "limit": 10,
      "money": 2000,
      "lastclaim": 1753496437923,
      "lastbegal": 1753496437923,
      "lastrampok": 1753496437923
    },
    "6289685182552@s.whatsapp.net": {
      "vip": false,
      "ban": false,
      "afkTime": -1,
      "afkReason": "",
      "register": false,
      "limit": 10,
      "money": 2000,
      "lastclaim": 1753497329829,
      "lastbegal": 1753497329829,
      "lastrampok": 1753497329829
    },
    "6281328632127@s.whatsapp.net": {
      "vip": false,
      "ban": false,
      "afkTime": -1,
      "afkReason": "",
      "register": false,
      "limit": 10,
      "money": 2000,
      "lastclaim": 1753497339176,
      "lastbegal": 1753497339176,
      "lastrampok": 1753497339176
    },
    "6283112210031@s.whatsapp.net": {
      "vip": false,
      "ban": false,
      "afkTime": -1,
      "afkReason": "",
      "register": false,
      "limit": 10,
      "money": 2000,
      "lastclaim": 1753497777023,
      "lastbegal": 1753497777023,
      "lastrampok": 1753497777023
    },
    "6289680869494@s.whatsapp.net": {
      "vip": false,
      "ban": false,
      "afkTime": -1,
      "afkReason": "",
      "register": false,
      "limit": 10,
      "money": 2000,
      "lastclaim": 1753498329561,
      "lastbegal": 1753498329561,
      "lastrampok": 1753498329561
    },
    "6282268265262@s.whatsapp.net": {
      "vip": false,
      "ban": false,
      "afkTime": -1,
      "afkReason": "",
      "register": false,
      "limit": 10,
      "money": 2000,
      "lastclaim": 1753498471096,
      "lastbegal": 1753498471096,
      "lastrampok": 1753498471096
    },
    "6285256904381@s.whatsapp.net": {
      "vip": false,
      "ban": false,
      "afkTime": -1,
      "afkReason": "",
      "register": false,
      "limit": 10,
      "money": 2000,
      "lastclaim": 1753500427745,
      "lastbegal": 1753500427745,
      "lastrampok": 1753500427745
    },
    "6281359603750@s.whatsapp.net": {
      "vip": false,
      "ban": false,
      "afkTime": -1,
      "afkReason": "",
      "register": false,
      "limit": 10,
      "money": 2000,
      "lastclaim": 1753501321092,
      "lastbegal": 1753501321092,
      "lastrampok": 1753501321092
    },
    "6281243645381@s.whatsapp.net": {
      "vip": false,
      "ban": false,
      "afkTime": -1,
      "afkReason": "",
      "register": false,
      "limit": 10,
      "money": 2000,
      "lastclaim": 1753501336000,
      "lastbegal": 1753501336000,
      "lastrampok": 1753501336000
    },
    "60106647238@s.whatsapp.net": {
      "vip": false,
      "ban": false,
      "afkTime": -1,
      "afkReason": "",
      "register": false,
      "limit": 10,
      "money": 2000,
      "lastclaim": 1753501384605,
      "lastbegal": 1753501384605,
      "lastrampok": 1753501384605
    },
    "6287810503094@s.whatsapp.net": {
      "vip": false,
      "ban": false,
      "afkTime": -1,
      "afkReason": "",
      "register": false,
      "limit": 10,
      "money": 2000,
      "lastclaim": 1753501743810,
      "lastbegal": 1753501743810,
      "lastrampok": 1753501743810
    },
    "62882019404263@s.whatsapp.net": {
      "vip": false,
      "ban": false,
      "afkTime": -1,
      "afkReason": "",
      "register": false,
      "limit": 10,
      "money": 2000,
      "lastclaim": 1753502287083,
      "lastbegal": 1753502287083,
      "lastrampok": 1753502287083
    },
    "120363401241306861@g.us": {
      "vip": false,
      "ban": false,
      "afkTime": -1,
      "afkReason": "",
      "register": false,
      "limit": 10,
      "money": 2000,
      "lastclaim": 1753502510384,
      "lastbegal": 1753502510384,
      "lastrampok": 1753502510384
    },
    "6287753309434@s.whatsapp.net": {
      "vip": false,
      "ban": false,
      "afkTime": -1,
      "afkReason": "",
      "register": false,
      "limit": 10,
      "money": 2000,
      "lastclaim": 1753502559032,
      "lastbegal": 1753502559032,
      "lastrampok": 1753502559032
    },
    "62882021503349@s.whatsapp.net": {
      "vip": false,
      "ban": false,
      "afkTime": -1,
      "afkReason": "",
      "register": false,
      "limit": 10,
      "money": 2000,
      "lastclaim": 1753502943696,
      "lastbegal": 1753502943696,
      "lastrampok": 1753502943696
    },
    "6285781733022@s.whatsapp.net": {
      "vip": false,
      "ban": false,
      "afkTime": -1,
      "afkReason": "",
      "register": false,
      "limit": 10,
      "money": 2000,
      "lastclaim": 1753503098811,
      "lastbegal": 1753503098811,
      "lastrampok": 1753503098811
    },
    "6281241027837@s.whatsapp.net": {
      "vip": false,
      "ban": false,
      "afkTime": -1,
      "afkReason": "",
      "register": false,
      "limit": 10,
      "money": 2000,
      "lastclaim": 1753505091290,
      "lastbegal": 1753505091290,
      "lastrampok": 1753505091290
    },
    "628884289315@s.whatsapp.net": {
      "vip": false,
      "ban": false,
      "afkTime": -1,
      "afkReason": "",
      "register": false,
      "limit": 10,
      "money": 2000,
      "lastclaim": 1753505419209,
      "lastbegal": 1753505419209,
      "lastrampok": 1753505419209
    },
    "6285167681956@s.whatsapp.net": {
      "vip": false,
      "ban": false,
      "afkTime": -1,
      "afkReason": "",
      "register": false,
      "limit": 10,
      "money": 2000,
      "lastclaim": 1753505480325,
      "lastbegal": 1753505480325,
      "lastrampok": 1753505480325
    },
    "6285931577102@s.whatsapp.net": {
      "vip": false,
      "ban": false,
      "afkTime": -1,
      "afkReason": "",
      "register": false,
      "limit": 10,
      "money": 2000,
      "lastclaim": 1753505571001,
      "lastbegal": 1753505571001,
      "lastrampok": 1753505571001
    },
    "6288807084875@s.whatsapp.net": {
      "vip": false,
      "ban": false,
      "afkTime": -1,
      "afkReason": "",
      "register": false,
      "limit": 10,
      "money": 2000,
      "lastclaim": 1753505607451,
      "lastbegal": 1753505607451,
      "lastrampok": 1753505607451
    },
    "6285796161054@s.whatsapp.net": {
      "vip": false,
      "ban": false,
      "afkTime": -1,
      "afkReason": "",
      "register": false,
      "limit": 10,
      "money": 2000,
      "lastclaim": 1753506044912,
      "lastbegal": 1753506044912,
      "lastrampok": 1753506044912
    },
    "6285762951528@s.whatsapp.net": {
      "vip": false,
      "ban": false,
      "afkTime": -1,
      "afkReason": "",
      "register": false,
      "limit": 10,
      "money": 2000,
      "lastclaim": 1753506170093,
      "lastbegal": 1753506170093,
      "lastrampok": 1753506170093
    },
    "6285656821697@s.whatsapp.net": {
      "vip": false,
      "ban": false,
      "afkTime": -1,
      "afkReason": "",
      "register": false,
      "limit": 10,
      "money": 2000,
      "lastclaim": 1753506561466,
      "lastbegal": 1753506561466,
      "lastrampok": 1753506561466
    },
    "6287882727572@s.whatsapp.net": {
      "vip": false,
      "ban": false,
      "afkTime": -1,
      "afkReason": "",
      "register": false,
      "limit": 10,
      "money": 2000,
      "lastclaim": 1753506799481,
      "lastbegal": 1753506799481,
      "lastrampok": 1753506799481
    },
    "6282251218182@s.whatsapp.net": {
      "vip": false,
      "ban": false,
      "afkTime": -1,
      "afkReason": "",
      "register": false,
      "limit": 10,
      "money": 2000,
      "lastclaim": 1753507473910,
      "lastbegal": 1753507473910,
      "lastrampok": 1753507473910
    },
    "6283190916359@s.whatsapp.net": {
      "vip": false,
      "ban": false,
      "afkTime": -1,
      "afkReason": "",
      "register": false,
      "limit": 10,
      "money": 2000,
      "lastclaim": 1753508425410,
      "lastbegal": 1753508425410,
      "lastrampok": 1753508425410
    },
    "6285194782396@s.whatsapp.net": {
      "vip": false,
      "ban": false,
      "afkTime": -1,
      "afkReason": "",
      "register": false,
      "limit": 10,
      "money": 2000,
      "lastclaim": 1753508475904,
      "lastbegal": 1753508475904,
      "lastrampok": 1753508475904
    },
    "6282396665717@s.whatsapp.net": {
      "vip": false,
      "ban": false,
      "afkTime": -1,
      "afkReason": "",
      "register": false,
      "limit": 10,
      "money": 2000,
      "lastclaim": 1753508629329,
      "lastbegal": 1753508629329,
      "lastrampok": 1753508629329
    },
    "6287814672210@s.whatsapp.net": {
      "vip": false,
      "ban": false,
      "afkTime": -1,
      "afkReason": "",
      "register": false,
      "limit": 10,
      "money": 2000,
      "lastclaim": 1753509444227,
      "lastbegal": 1753509444227,
      "lastrampok": 1753509444227
    },
    "6281350308767@s.whatsapp.net": {
      "vip": false,
      "ban": false,
      "afkTime": -1,
      "afkReason": "",
      "register": false,
      "limit": 10,
      "money": 2000,
      "lastclaim": 1753509587538,
      "lastbegal": 1753509587538,
      "lastrampok": 1753509587538
    },
    "6283866822018@s.whatsapp.net": {
      "vip": false,
      "ban": false,
      "afkTime": -1,
      "afkReason": "",
      "register": false,
      "limit": 10,
      "money": 2000,
      "lastclaim": 1753509626745,
      "lastbegal": 1753509626745,
      "lastrampok": 1753509626745
    },
    "6282239573242@s.whatsapp.net": {
      "vip": false,
      "ban": false,
      "afkTime": -1,
      "afkReason": "",
      "register": false,
      "limit": 10,
      "money": 2000,
      "lastclaim": 1753510234750,
      "lastbegal": 1753510234750,
      "lastrampok": 1753510234750
    },
    "62887435207049@s.whatsapp.net": {
      "vip": false,
      "ban": false,
      "afkTime": -1,
      "afkReason": "",
      "register": false,
      "limit": 10,
      "money": 2000,
      "lastclaim": 1753510905368,
      "lastbegal": 1753510905368,
      "lastrampok": 1753510905368
    },
    "6282297265563@s.whatsapp.net": {
      "vip": false,
      "ban": false,
      "afkTime": -1,
      "afkReason": "",
      "register": false,
      "limit": 10,
      "money": 2000,
      "lastclaim": 1753511051953,
      "lastbegal": 1753511051953,
      "lastrampok": 1753511051953
    },
    "62895323592439@s.whatsapp.net": {
      "vip": false,
      "ban": false,
      "afkTime": -1,
      "afkReason": "",
      "register": false,
      "limit": 10,
      "money": 2000,
      "lastclaim": 1753511528499,
      "lastbegal": 1753511528499,
      "lastrampok": 1753511528499
    },
    "6282170672513@s.whatsapp.net": {
      "vip": false,
      "ban": false,
      "afkTime": -1,
      "afkReason": "",
      "register": false,
      "limit": 10,
      "money": 2000,
      "lastclaim": 1753511534648,
      "lastbegal": 1753511534648,
      "lastrampok": 1753511534648
    }
  },
  "game": {
    "suit": {},
    "chess": {},
    "chat_ai": {},
    "menfes": {},
    "tekateki": {},
    "akinator": {},
    "tictactoe": {},
    "tebaklirik": {},
    "kuismath": {
      "120363400204905390@g.us3EB05D9D88E1FA4E8A204F": {
        "jawaban": -6.609813089350756e+22,
        "mode": "impossible",
        "id": "3EB05D9D88E1FA4E8A204F"
      }
    },
    "blackjack": {},
    "tebaklagu": {},
    "tebakkata": {},
    "family100": {},
    "susunkata": {},
    "tebakbom": {},
    "ulartangga": {},
    "tebakkimia": {},
    "caklontong": {},
    "tebakangka": {},
    "tebaknegara": {},
    "tebakgambar": {},
    "tebakbendera": {
      "120363400204905390@g.us3EB0FB0E84932E3F224D43": {
        "jawaban": "senegal",
        "id": "3EB0FB0E84932E3F224D43"
      }
    }
  },
  "groups": {
    "120363400204905390@g.us": {
      "url": "",
      "text": {},
      "warn": {},
      "tagsw": {},
      "nsfw": false,
      "mute": false,
      "leave": false,
      "setinfo": false,
      "antilink": false,
      "demote": false,
      "antitoxic": false,
      "promote": false,
      "welcome": true,
      "antivirtex": false,
      "antitagsw": false,
      "antidelete": false,
      "antihidetag": false,
      "waktusholat": false
    },
    "120363397383568732@g.us": {
      "url": "",
      "text": {},
      "warn": {},
      "tagsw": {},
      "nsfw": false,
      "mute": false,
      "leave": false,
      "setinfo": false,
      "antilink": false,
      "demote": false,
      "antitoxic": false,
      "promote": false,
      "welcome": true,
      "antivirtex": false,
      "antitagsw": false,
      "antidelete": false,
      "antihidetag": false,
      "waktusholat": false
    },
    "120363402936868842@g.us": {
      "url": "",
      "text": {},
      "warn": {},
      "tagsw": {},
      "nsfw": false,
      "mute": false,
      "leave": false,
      "setinfo": false,
      "antilink": false,
      "demote": false,
      "antitoxic": false,
      "promote": false,
      "welcome": true,
      "antivirtex": false,
      "antitagsw": false,
      "antidelete": false,
      "antihidetag": false,
      "waktusholat": false
    },
    "120363417316076043@g.us": {
      "url": "",
      "text": {},
      "warn": {},
      "tagsw": {},
      "nsfw": false,
      "mute": false,
      "leave": false,
      "setinfo": false,
      "antilink": false,
      "demote": false,
      "antitoxic": false,
      "promote": false,
      "welcome": true,
      "antivirtex": false,
      "antitagsw": false,
      "antidelete": false,
      "antihidetag": false,
      "waktusholat": false
    },
    "120363208304277552@g.us": {
      "url": "",
      "text": {},
      "warn": {},
      "tagsw": {},
      "nsfw": false,
      "mute": false,
      "leave": false,
      "setinfo": false,
      "antilink": false,
      "demote": false,
      "antitoxic": false,
      "promote": false,
      "welcome": true,
      "antivirtex": false,
      "antitagsw": false,
      "antidelete": false,
      "antihidetag": false,
      "waktusholat": false
    },
    "120363167890912979@g.us": {
      "url": "",
      "text": {},
      "warn": {},
      "tagsw": {},
      "nsfw": false,
      "mute": false,
      "leave": false,
      "setinfo": false,
      "antilink": false,
      "demote": false,
      "antitoxic": false,
      "promote": false,
      "welcome": true,
      "antivirtex": false,
      "antitagsw": false,
      "antidelete": false,
      "antihidetag": false,
      "waktusholat": false
    },
    "120363418921454912@g.us": {
      "url": "",
      "text": {},
      "warn": {},
      "tagsw": {},
      "nsfw": false,
      "mute": false,
      "leave": false,
      "setinfo": false,
      "antilink": false,
      "demote": false,
      "antitoxic": false,
      "promote": false,
      "welcome": true,
      "antivirtex": false,
      "antitagsw": false,
      "antidelete": false,
      "antihidetag": false,
      "waktusholat": false
    },
    "120363388552297717@g.us": {
      "url": "",
      "text": {},
      "warn": {},
      "tagsw": {},
      "nsfw": false,
      "mute": false,
      "leave": false,
      "setinfo": false,
      "antilink": false,
      "demote": false,
      "antitoxic": false,
      "promote": false,
      "welcome": true,
      "antivirtex": false,
      "antitagsw": false,
      "antidelete": false,
      "antihidetag": false,
      "waktusholat": false
    },
    "120363387225003725@g.us": {
      "url": "",
      "text": {},
      "warn": {},
      "tagsw": {},
      "nsfw": false,
      "mute": false,
      "leave": false,
      "setinfo": false,
      "antilink": false,
      "demote": false,
      "antitoxic": false,
      "promote": false,
      "welcome": true,
      "antivirtex": false,
      "antitagsw": false,
      "antidelete": false,
      "antihidetag": false,
      "waktusholat": false
    },
    "120363317466399138@g.us": {
      "url": "",
      "text": {},
      "warn": {},
      "tagsw": {},
      "nsfw": false,
      "mute": false,
      "leave": false,
      "setinfo": false,
      "antilink": false,
      "demote": false,
      "antitoxic": false,
      "promote": false,
      "welcome": true,
      "antivirtex": false,
      "antitagsw": false,
      "antidelete": false,
      "antihidetag": false,
      "waktusholat": false
    },
    "120363382340582242@g.us": {
      "url": "",
      "text": {},
      "warn": {},
      "tagsw": {},
      "nsfw": false,
      "mute": false,
      "leave": false,
      "setinfo": false,
      "antilink": false,
      "demote": false,
      "antitoxic": false,
      "promote": false,
      "welcome": true,
      "antivirtex": false,
      "antitagsw": false,
      "antidelete": false,
      "antihidetag": false,
      "waktusholat": false
    },
    "120363402005343679@g.us": {
      "url": "",
      "text": {},
      "warn": {},
      "tagsw": {},
      "nsfw": false,
      "mute": false,
      "leave": true,
      "setinfo": false,
      "antilink": false,
      "demote": false,
      "antitoxic": false,
      "promote": false,
      "welcome": true,
      "antivirtex": false,
      "antitagsw": false,
      "antidelete": false,
      "antihidetag": false,
      "waktusholat": true
    },
    "120363191301435948@g.us": {
      "url": "",
      "text": {},
      "warn": {},
      "tagsw": {},
      "nsfw": false,
      "mute": false,
      "leave": true,
      "setinfo": false,
      "antilink": false,
      "demote": false,
      "antitoxic": false,
      "promote": false,
      "welcome": true,
      "antivirtex": false,
      "antitagsw": false,
      "antidelete": false,
      "antihidetag": false,
      "waktusholat": true
    },
    "120363316685827896@g.us": {
      "url": "",
      "text": {},
      "warn": {},
      "tagsw": {},
      "nsfw": false,
      "mute": false,
      "leave": true,
      "setinfo": false,
      "antilink": false,
      "demote": false,
      "antitoxic": false,
      "promote": false,
      "welcome": true,
      "antivirtex": false,
      "antitagsw": false,
      "antidelete": false,
      "antihidetag": false,
      "waktusholat": true
    },
    "120363401853268423@g.us": {
      "url": "",
      "text": {},
      "warn": {},
      "tagsw": {},
      "nsfw": false,
      "mute": false,
      "leave": true,
      "setinfo": false,
      "antilink": false,
      "demote": false,
      "antitoxic": false,
      "promote": false,
      "welcome": true,
      "antivirtex": false,
      "antitagsw": false,
      "antidelete": false,
      "antihidetag": false,
      "waktusholat": true
    },
    "120363420764454384@g.us": {
      "url": "",
      "text": {},
      "warn": {},
      "tagsw": {},
      "nsfw": false,
      "mute": false,
      "leave": true,
      "setinfo": false,
      "antilink": false,
      "demote": false,
      "antitoxic": false,
      "promote": false,
      "welcome": true,
      "antivirtex": false,
      "antitagsw": false,
      "antidelete": false,
      "antihidetag": false,
      "waktusholat": true
    },
    "120363295145289227@g.us": {
      "url": "",
      "text": {},
      "warn": {},
      "tagsw": {},
      "nsfw": false,
      "mute": false,
      "leave": true,
      "setinfo": false,
      "antilink": false,
      "demote": false,
      "antitoxic": false,
      "promote": false,
      "welcome": true,
      "antivirtex": false,
      "antitagsw": false,
      "antidelete": false,
      "antihidetag": false,
      "waktusholat": true
    },
    "120363419017298030@g.us": {
      "url": "",
      "text": {},
      "warn": {},
      "tagsw": {},
      "nsfw": false,
      "mute": false,
      "leave": true,
      "setinfo": false,
      "antilink": false,
      "demote": false,
      "antitoxic": false,
      "promote": false,
      "welcome": true,
      "antivirtex": false,
      "antitagsw": false,
      "antidelete": false,
      "antihidetag": false,
      "waktusholat": true
    },
    "120363401241306861@g.us": {
      "url": "",
      "text": {},
      "warn": {},
      "tagsw": {},
      "nsfw": false,
      "mute": false,
      "leave": true,
      "setinfo": false,
      "antilink": false,
      "demote": false,
      "antitoxic": false,
      "promote": false,
      "welcome": true,
      "antivirtex": false,
      "antitagsw": false,
      "antidelete": false,
      "antihidetag": false,
      "waktusholat": true
    }
  },
  "database": {},
  "premium": [],
  "sewa": [],
  "cases": [
    "19rujxl1e",
    "uji",
    "shutdown",
    "off",
    "setbio",
    "setppbot",
    "delppbot",
    "join",
    "leave",
    "clearchat",
    "getmsgstore",
    "storemsg",
    "blokir",
    "block",
    "listblock",
    "openblokir",
    "unblokir",
    "openblock",
    "unblock",
    "ban",
    "banned",
    "unban",
    "unbanned",
    "mute",
    "unmute",
    "adduang",
    "addmoney",
    "addlimit",
    "listpc",
    "listgc",
    "creategc",
    "buatgc",
    "addsewa",
    "sewa",
    "delsewa",
    "listsewa",
    "addpr",
    "addprem",
    "addpremium",
    "delpr",
    "delprem",
    "delpremium",
    "listpr",
    "listprem",
    "listpremium",
    "upsw",
    "addcase",
    "19rujxl1e",
    "getcase",
    "delcase",
    "backup",
    "all",
    "auto",
    "session",
    "database",
    "getsession",
    "deletesession",
    "delsession",
    "deletesampah",
    "delsampah",
    "about",
    "tentang",
    "rules",
    "aturan",
    "donasi",
    "donate",
    "add",
    "kick",
    "dor",
    "promote",
    "demote",
    "warn",
    "warning",
    "unwarn",
    "delwarn",
    "unwarning",
    "delwarning",
    "setname",
    "setnamegc",
    "setsubject",
    "setsubjectgc",
    "setdesc",
    "setdescgc",
    "setdesk",
    "setdeskgc",
    "setppgroups",
    "setppgrup",
    "setppgc",
    "delete",
    "del",
    "d",
    "pin",
    "unpin",
    "linkgroup",
    "linkgrup",
    "linkgc",
    "urlgroup",
    "urlgrup",
    "urlgc",
    "revoke",
    "newlink",
    "newurl",
    "group",
    "grup",
    "gc",
    "close",
    "open",
    "join",
    "pesansementara",
    "disappearing",
    "antilink",
    "antivirtex",
    "antidelete",
    "welcome",
    "antitoxic",
    "waktusholat",
    "nsfw",
    "antihidetag",
    "setinfo",
    "antitagsw",
    "leave",
    "promote",
    "demote",
    "setwelcome",
    "setleave",
    "setpromote",
    "setdemote",
    "tagall",
    "hidetag",
    "h",
    "totag",
    "listonline",
    "liston",
    "owner",
    "profile",
    "cek",
    "leaderboard",
    "totalpesan",
    "req",
    "request",
    "totalfitur",
    "/g) || []).length\n\t\t\t\tm.reply(`Total Fitur : ${total}`);\n\t\t\t}\n\t\t\tbreak\n\t\t\tcase ",
    "claim",
    "transfer",
    "tf",
    "buy",
    "react",
    "tagme",
    "runtime",
    "tes",
    "bot",
    "mode",
    "public",
    "self",
    "anticall",
    "autobio",
    "autoread",
    "autotyping",
    "readsw",
    "multiprefix",
    "antispam",
    "set",
    "settings",
    "ping",
    "botstatus",
    "statusbot",
    "speedtest",
    "speed",
    "afk",
    "readviewonce",
    "readviewone",
    "rvo",
    "inspect",
    "addmsg",
    "delmsg",
    "deletemsg",
    "getmsg",
    "listmsg",
    "q",
    "quoted",
    "confes",
    "confess",
    "menfes",
    "menfess",
    "delconfes",
    "delconfess",
    "delmenfes",
    "delmenfess",
    "cai",
    "roomai",
    "chatai",
    "autoai",
    "delcai",
    "delroomai",
    "delchatai",
    "delautoai",
    "jadibot",
    "stopjadibot",
    "deljadibot",
    "listjadibot",
    "fetch",
    "get",
    "toaud",
    "toaudio",
    "tomp3",
    "tovn",
    "toptt",
    "tovoice",
    "togif",
    "toimage",
    "toimg",
    "toptv",
    "tourl",
    "translate",
    "tr",
    "toqr",
    "qr",
    "tohd",
    "remini",
    "hd",
    "dehaze",
    "colorize",
    "colorfull",
    "hitamkan",
    "toblack",
    "ssweb",
    "readmore",
    "getexif",
    "cuaca",
    "weather",
    "sticker",
    "stiker",
    "s",
    "stickergif",
    "stikergif",
    "sgif",
    "stickerwm",
    "swm",
    "curi",
    "colong",
    "take",
    "stickergifwm",
    "sgifwm",
    "smeme",
    "stickmeme",
    "stikmeme",
    "stickermeme",
    "stikermeme",
    "emojimix",
    "qc",
    "quote",
    "fakechat",
    "brat",
    "bratvid",
    "bratvideo",
    "wasted",
    "trigger",
    "triggered",
    "nulis",
    "write",
    "bass",
    "blown",
    "deep",
    "earrape",
    "fast",
    "fat",
    "nightcore",
    "reverse",
    "robot",
    "slow",
    "smooth",
    "tupai",
    "tinyurl",
    "shorturl",
    "shortlink",
    "git",
    "gitclone",
    "ai",
    "simi",
    "gpt",
    "deepseek",
    "vtech",
    "vtechsp",
    "bard",
    "gemini",
    "aiedit",
    "google",
    "gimage",
    "bingimg",
    "play",
    "ytplay",
    "yts",
    "ytsearch",
    "youtubesearch",
    "tts",
    "ttslist",
    "voicelist",
    "pixiv",
    "pinterest",
    "pint",
    "wallpaper",
    "ringtone",
    "npm",
    "npmjs",
    "style",
    "spotify",
    "spotifysearch",
    "tenor",
    "urban",
    "igstalk",
    "instagramstalk",
    "wastalk",
    "whatsappstalk",
    "telestalk",
    "telegramstalk",
    "tiktokstalk",
    "ttstalk",
    "genshinstalk",
    "gistalk",
    "ghstalk",
    "githubstalk",
    "ytmp3",
    "ytmp4",
    "ytvideo",
    "ytplayvideo",
    "ig",
    "instagram",
    "instadl",
    "igdown",
    "igdl",
    "igstory",
    "instagramstory",
    "instastory",
    "storyig",
    "tiktok",
    "tiktokdown",
    "ttdown",
    "ttdl",
    "tt",
    "ttmp4",
    "ttvideo",
    "tiktokmp4",
    "tiktokvideo",
    "ttmp3",
    "tiktokmp3",
    "ttaudio",
    "tiktokaudio",
    "fb",
    "fbdl",
    "fbdown",
    "facebook",
    "facebookdl",
    "facebookdown",
    "fbdownload",
    "fbmp4",
    "fbvideo",
    "mediafire",
    "mf",
    "spotifydl",
    "motivasi",
    "bijak",
    "dare",
    "quotes",
    "truth",
    "renungan",
    "bucin",
    "coffe",
    "kopi",
    "waifu",
    "neko",
    "otakudesu",
    "anim",
    "anime",
    "dadu",
    "halah",
    "hilih",
    "huluh",
    "heleh",
    "holoh",
    "bisakah",
    "apakah",
    "kapan",
    "kapankah",
    "siapa",
    "siapakah",
    "tanyakerang",
    "kerangajaib",
    "kerang",
    "cekmati",
    "ceksifat",
    "cekkhodam",
    "rate",
    "nilai",
    "jodohku",
    "jadian",
    "fitnah",
    "coba",
    "slot",
    "casino",
    "samgong",
    "kartu",
    "rampok",
    "merampok",
    "begal",
    "suitpvp",
    "suit",
    "delsuit",
    "deletesuit",
    "ttc",
    "ttt",
    "tictactoe",
    "delttc",
    "delttt",
    "akinator",
    "tebakbom",
    "tekateki",
    "tebaklirik",
    "tebakkata",
    "family100",
    "susunkata",
    "tebakkimia",
    "caklontong",
    "tebaknegara",
    "tebakgambar",
    "tebakbendera",
    "tebakangka",
    "butawarna",
    "colorblind",
    "kuismath",
    "math",
    "ulartangga",
    "snakeladder",
    "ut",
    "create",
    "join",
    "start",
    "leave",
    "end",
    "chess",
    "catur",
    "ct",
    "start",
    "join",
    "end",
    "leave",
    "bot",
    "computer",
    "blackjack",
    "bj",
    "create",
    "join",
    "start",
    "hit",
    "minum",
    "play",
    "info",
    "end",
    "menu",
    "allmenu",
    "botmenu",
    "groupmenu",
    "searchmenu",
    "downloadmenu",
    "quotesmenu",
    "toolsmenu",
    "aimenu",
    "randommenu",
    "stalkermenu",
    "animemenu",
    "gamemenu",
    "funmenu",
    "ownermenu"
  ],
  "tempchar": {}
}